experiment ID,well id,solution,concentration,point type,surface tension eq. (mN/m),drop count,drop volume (uL),max measure time (s),flow rate (uL/s),temperature (C),humidity (%),pressure (Pa),well position,well_number,C12E4_concentration,16BAC_concentration
BS0006_0001,6B1,16BAC,0.372,explore,31.75122083,1,4.35,1200,0.5,22.71,34.82,101673.71,B1,1,0.0,0.372
BS0006_0101,7B1,16BAC,0.372,explore,39.64463386,1,6.15,1200,0.5,23.67,29.79,102266.42,B1,1,0.0,0.372
BS0006_0201,9B1,16BAC,0.372,explore,35.96305292,1,5.75,1200,0.5,22.63,35.84,101937.44,B1,1,0.0,0.372
BS0006_0002,6B2,16BAC,0.186,explore,49.58027098,1,7.55,1200,0.5,22.74,35.07,101692.75,B2,2,0.0,0.186
BS0006_0102,7B2,16BAC,0.186,explore,49.06212789,1,7.5,1200,0.5,23.67,29.33,102256.46,B2,2,0.0,0.186
BS0006_0202,9B2,16BAC,0.186,explore,49.53478198,1,7.55,1200,0.5,22.66,35.4,101938.97,B2,2,0.0,0.186
BS0006_0003,6B3,16BAC,0.093,explore,57.27584571,1,8.65,1200,0.5,22.75,35.32,101696.72,B3,3,0.0,0.093
BS0006_0103,7B3,16BAC,0.093,explore,54.50811869,1,8.4,1200,0.5,23.74,28.47,102244.45,B3,3,0.0,0.093
BS0006_0203,9B3,16BAC,0.093,explore,56.63707456,1,8.45,1200,0.5,22.64,35.28,101941.39,B3,3,0.0,0.093
BS0006_0004,6B4,16BAC,0.0465,explore,64.5349162,1,9.5,1200,0.5,22.78,35.48,101699.35,B4,4,0.0,0.0465
BS0006_0104,7B4,16BAC,0.0465,explore,59.45384301,1,9.05,1200,0.5,23.82,28.12,102226.06,B4,4,0.0,0.0465
BS0006_0204,9B4,16BAC,0.0465,explore,61.53118652,1,9.25,1200,0.5,22.65,35.0,101931.4,B4,4,0.0,0.0465
BS0006_0005,6B5,16BAC,0.02325,explore,67.51005708,1,10.05,1200,0.5,22.8,35.83,101701.68,B5,5,0.0,0.02325
BS0006_0105,7B5,16BAC,0.02325,explore,67.41963178,1,10.0,1200,0.5,23.9,27.83,102211.63,B5,5,0.0,0.02325
BS0006_0205,9B5,16BAC,0.02325,explore,68.8281156,1,10.2,1200,0.5,22.64,34.43,101928.35,B5,5,0.0,0.02325
BS0006_0006,6B6,16BAC,0.011625,explore,68.83562881,1,10.25,1200,0.5,22.84,36.34,101703.05,B6,6,0.0,0.011625
BS0006_0106,7B6,16BAC,0.011625,explore,70.69553184,1,10.3,1200,0.5,23.95,27.53,102209.94,B6,6,0.0,0.011625
BS0006_0206,9B6,16BAC,0.011625,explore,71.24009589,1,10.45,1200,0.5,22.6,34.61,101913.67,B6,6,0.0,0.011625
BS0006_0007,6B7,16BAC,0.0058125,explore,69.2397333,1,10.3,1200,0.5,22.83,36.71,101686.07,B7,7,0.0,0.0058125
BS0006_0107,7B7,16BAC,0.0058125,explore,71.85789688,1,10.5,1200,0.5,24.09,27.48,102208.31,B7,7,0.0,0.0058125
BS0006_0207,9B7,16BAC,0.0058125,explore,71.73307738,1,10.55,1200,0.5,22.58,34.31,101909.75,B7,7,0.0,0.0058125
BS0006_0008,6B8,16BAC,0.00290625,explore,67.97404326,1,10.4,1200,0.5,22.87,36.98,101683.64,B8,8,0.0,0.00290625
BS0006_0108,7B8,16BAC,0.00290625,explore,71.98896292,1,10.55,1200,0.5,24.2,27.72,102219.03,B8,8,0.0,0.00290625
BS0006_0208,9B8,16BAC,0.00290625,explore,71.5164292,1,10.55,1200,0.5,22.66,33.6,101897.41,B8,8,0.0,0.00290625
BS0006_0009,6B9,16BAC,0.001453125,explore,67.33481874,1,10.4,1200,0.5,22.88,37.32,101668.89,B9,9,0.0,0.001453125
BS0006_0109,7B9,16BAC,0.001453125,explore,73.07066332,1,10.6,1200,0.5,24.24,27.7,102222.42,B9,9,0.0,0.001453125
BS0006_0209,9B9,16BAC,0.001453125,explore,70.67541367,1,10.55,1200,0.5,22.69,33.29,101886.65,B9,9,0.0,0.001453125
BS0006_0010,6B10,16BAC,0.000726562,explore,63.56253996,1,10.3,1200,0.5,22.9,37.93,101654.89,B10,10,0.0,0.0007265625
BS0006_0110,7B10,16BAC,0.000726562,explore,71.74539975,1,10.55,1200,0.5,24.19,27.22,102209.19,B10,10,0.0,0.0007265625
BS0006_0210,9B10,16BAC,0.000726562,explore,69.4367784,1,10.5,1200,0.5,22.62,33.56,101874.96,B10,10,0.0,0.0007265625
BS0006_0011,6A1,C12E4,0.372,explore,27.88632605,1,4.35,1200,0.5,22.98,38.47,101620.35,A1,1,0.372,0.0
BS0006_0111,7A1,C12E4,0.372,explore,28.07506346,1,4.5,1200,0.5,24.26,25.51,102217.43,A1,1,0.372,0.0
BS0006_0211,9A1,C12E4,0.372,explore,28.03944026,1,4.4,1200,0.5,22.62,33.18,101850.17,A1,1,0.372,0.0
BS0006_0012,7A2,C12E4,0.186,explore,27.5999417,1,4.45,1200,0.5,24.28,24.95,102212.96,A2,2,0.186,0.0
BS0006_0112,9A2,C12E4,0.186,explore,28.9642894,1,4.7,1200,0.5,22.61,32.96,101830.6,A2,2,0.186,0.0
BS0006_0013,6A3,C12E4,0.093,explore,29.08559844,1,4.95,1200,0.5,23.01,38.83,101601.36,A3,3,0.093,0.0
BS0006_0113,7A3,C12E4,0.093,explore,31.72534637,1,5.35,1200,0.5,24.24,25.19,102213.53,A3,3,0.093,0.0
BS0006_0213,9A3,C12E4,0.093,explore,29.47417417,2,3.65,1200,0.5,22.62,33.07,101820.03,A3,3,0.093,0.0
BS0006_0014,6A4,C12E4,0.0465,explore,34.85184385,1,6.0,1200,0.5,23.02,39.11,101576.73,A4,4,0.0465,0.0
BS0006_0114,7A4,C12E4,0.0465,explore,36.16270683,2,5.8,1200,0.5,24.17,25.22,102222.11,A4,4,0.0465,0.0
BS0006_0214,9A4,C12E4,0.0465,explore,37.30710569,1,6.35,1200,0.5,22.61,32.97,101822.87,A4,4,0.0465,0.0
BS0006_0015,6A5,C12E4,0.02325,explore,44.08109335,1,7.5,1200,0.5,23.04,39.13,101553.83,A5,5,0.02325,0.0
BS0006_0115,7A5,C12E4,0.02325,explore,44.80831313,1,7.75,1200,0.5,24.04,25.0,102249.6,A5,5,0.02325,0.0
BS0006_0215,9A5,C12E4,0.02325,explore,42.94343309,1,7.35,1200,0.5,22.6,33.36,101821.35,A5,5,0.02325,0.0
BS0006_0016,6A6,C12E4,0.011625,explore,57.56556532,1,9.7,1200,0.5,23.05,39.14,101527.96,A6,6,0.011625,0.0
BS0006_0116,7A6,C12E4,0.011625,explore,55.89512632,1,9.65,1200,0.5,24.01,25.21,102260.28,A6,6,0.011625,0.0
BS0006_0216,9A6,C12E4,0.011625,explore,50.13287251,2,8.45,1200,0.5,22.61,33.08,101821.89,A6,6,0.011625,0.0
BS0006_0017,6A7,C12E4,0.0058125,explore,68.49536575,1,10.4,1200,0.5,23.08,39.11,101502.94,A7,7,0.0058125,0.0
BS0006_0117,7A7,C12E4,0.0058125,explore,66.41201625,1,10.35,1200,0.5,23.97,25.0,102274.76,A7,7,0.0058125,0.0
BS0006_0217,9A7,C12E4,0.0058125,explore,59.1398543,1,10.15,1200,0.5,22.64,33.2,101834.03,A7,7,0.0058125,0.0
BS0006_0018,6A8,C12E4,0.00290625,explore,71.57079177,1,10.5,1200,0.5,23.08,39.38,101469.32,A8,8,0.00290625,0.0
BS0006_0118,7A8,C12E4,0.00290625,explore,71.93601261,1,10.45,1200,0.5,23.91,24.96,102275.85,A8,8,0.00290625,0.0
BS0006_0218,9A8,C12E4,0.00290625,explore,68.55411295,1,10.5,1200,0.5,22.65,33.05,101853.04,A8,8,0.00290625,0.0
BS0006_0019,6A9,C12E4,0.001453125,explore,72.36494968,1,10.55,1200,0.5,23.06,39.78,101454.19,A9,9,0.001453125,0.0
BS0006_0119,7A9,C12E4,0.001453125,explore,72.83166397,1,10.55,1200,0.5,23.87,24.86,102286.99,A9,9,0.001453125,0.0
BS0006_0219,9A9,C12E4,0.001453125,explore,72.59022565,1,10.6,1200,0.5,22.62,33.41,101859.75,A9,9,0.001453125,0.0
BS0006_0020,6A10,C12E4,0.000726562,explore,72.48432604,1,10.55,1200,0.5,23.01,40.12,101435.05,A10,10,0.0007265625,0.0
BS0006_0120,7A10,C12E4,0.000726562,explore,72.81790911,1,10.6,1200,0.5,23.77,25.0,102297.78,A10,10,0.0007265625,0.0
BS0006_0220,9A10,C12E4,0.000726562,explore,72.58566366,1,10.65,1200,0.5,22.63,33.14,101876.66,A10,10,0.0007265625,0.0
BS0006_0021,6G1,ratio_1090,0.372,explore,37.30825486,1,5.8,1200,0.5,22.66,32.63,101889.36,G1,1,0.037200000000000004,0.3348
BS0006_0121,9G1,ratio_1090,0.372,explore,36.77071774,1,5.75,1200,0.5,23.0,31.99,102096.28,G1,1,0.037200000000000004,0.3348
BS0006_0022,6G2,ratio_1090,0.186,explore,32.678287,1,5.8,1200,0.5,22.67,32.74,101898.35,G2,2,0.018600000000000002,0.1674
BS0006_0122,7G2,ratio_1090,0.186,explore,38.68814115,1,6.6,1200,0.5,24.09,35.81,102064.83,G2,2,0.018600000000000002,0.1674
BS0006_0222,9G2,ratio_1090,0.186,explore,39.12866293,1,6.7,1200,0.5,22.95,31.79,102074.94,G2,2,0.018600000000000002,0.1674
BS0006_0023,6G3,ratio_1090,0.093,explore,49.63684917,1,8.15,1200,0.5,22.69,32.85,101909.74,G3,3,0.009300000000000001,0.0837
BS0006_0123,7G3,ratio_1090,0.093,explore,49.68219393,1,8.0,1200,0.5,24.14,35.15,102044.52,G3,3,0.009300000000000001,0.0837
BS0006_0223,9G3,ratio_1090,0.093,explore,40.17292699,1,5.0,1200,0.5,22.93,32.02,102063.16,G3,3,0.009300000000000001,0.0837
BS0006_0024,6G4,ratio_1090,0.0465,explore,58.21674155,1,9.15,1200,0.5,22.72,33.01,101912.43,G4,4,0.0046500000000000005,0.04185
BS0006_0124,7G4,ratio_1090,0.0465,explore,57.47690733,1,8.95,1200,0.5,24.18,34.54,102028.21,G4,4,0.0046500000000000005,0.04185
BS0006_0224,9G4,ratio_1090,0.0465,explore,56.54951155,1,9.0,1200,0.5,22.91,30.92,102065.49,G4,4,0.0046500000000000005,0.04185
BS0006_0025,6G5,ratio_1090,0.02325,explore,63.43582351,1,9.9,1200,0.5,22.73,32.69,101919.03,G5,5,0.0023250000000000002,0.020925
BS0006_0125,7G5,ratio_1090,0.02325,explore,64.76002308,1,9.8,1200,0.5,24.24,33.66,102028.31,G5,5,0.0023250000000000002,0.020925
BS0006_0225,9G5,ratio_1090,0.02325,explore,65.01536148,1,9.9,1200,0.5,22.9,30.41,102054.88,G5,5,0.0023250000000000002,0.020925
BS0006_0026,6G6,ratio_1090,0.011625,explore,71.21378549,1,10.5,1200,0.5,22.75,32.77,101923.46,G6,6,0.0011625000000000001,0.0104625
BS0006_0126,7G6,ratio_1090,0.011625,explore,70.30176835,1,10.35,1200,0.5,24.26,33.03,102028.78,G6,6,0.0011625000000000001,0.0104625
BS0006_0226,9G6,ratio_1090,0.011625,explore,69.44919583,1,10.45,1200,0.5,22.87,30.35,102038.83,G6,6,0.0011625000000000001,0.0104625
BS0006_0027,6G7,ratio_1090,0.0058125,explore,72.70654526,1,10.6,1200,0.5,22.76,32.55,101926.48,G7,7,0.0005812500000000001,0.00523125
BS0006_0127,7G7,ratio_1090,0.0058125,explore,74.1156091,1,10.5,1200,0.5,24.33,32.97,102042.34,G7,7,0.0005812500000000001,0.00523125
BS0006_0227,9G7,ratio_1090,0.0058125,explore,73.12179846,1,10.65,1200,0.5,22.84,30.16,102025.46,G7,7,0.0005812500000000001,0.00523125
BS0006_0028,6G8,ratio_1090,0.00290625,explore,75.12911228,1,10.6,1200,0.5,22.76,32.78,101916.39,G8,8,0.00029062500000000003,0.002615625
BS0006_0128,7G8,ratio_1090,0.00290625,explore,72.48539164,1,10.55,1200,0.5,24.41,32.34,102059.47,G8,8,0.00029062500000000003,0.002615625
BS0006_0228,9G8,ratio_1090,0.00290625,explore,73.85817821,1,10.65,1200,0.5,22.84,29.92,102007.8,G8,8,0.00029062500000000003,0.002615625
BS0006_0029,6G9,ratio_1090,0.001453125,explore,74.51011549,1,10.65,1200,0.5,22.76,32.57,101902.93,G9,9,0.00014531250000000002,0.0013078125
BS0006_0129,7G9,ratio_1090,0.001453125,explore,73.25151791,1,10.6,1200,0.5,24.32,31.56,102072.14,G9,9,0.00014531250000000002,0.0013078125
BS0006_0229,9G9,ratio_1090,0.001453125,explore,74.07649514,1,10.75,1200,0.5,22.84,30.39,101990.36,G9,9,0.00014531250000000002,0.0013078125
BS0006_0030,6G10,ratio_1090,0.000726562,explore,74.7986373,1,10.65,1200,0.5,22.77,32.45,101908.88,G10,10,7.265625000000001e-05,0.00065390625
BS0006_0130,7G10,ratio_1090,0.000726562,explore,73.20965881,1,10.65,1200,0.5,24.35,31.28,102083.81,G10,10,7.265625000000001e-05,0.00065390625
BS0006_0230,9G10,ratio_1090,0.000726562,explore,74.19766904,1,10.7,1200,0.5,22.83,30.35,101978.53,G10,10,7.265625000000001e-05,0.00065390625
BS0006_0031,6F1,ratio_3070,0.372,explore,34.50081299,1,5.35,1200,0.5,22.83,32.98,101908.05,F1,1,0.11159999999999999,0.26039999999999996
BS0006_0131,9F1,ratio_3070,0.372,explore,35.29057869,2,4.9,1200,0.5,22.87,30.83,101969.67,F1,1,0.11159999999999999,0.26039999999999996
BS0006_0032,6F2,ratio_3070,0.186,explore,33.33352627,1,5.85,1200,0.5,22.88,33.13,101906.58,F2,2,0.055799999999999995,0.13019999999999998
BS0006_0132,7F2,ratio_3070,0.186,explore,33.98535749,1,5.65,1200,0.5,24.38,30.39,102125.97,F2,2,0.055799999999999995,0.13019999999999998
BS0006_0232,9F2,ratio_3070,0.186,explore,31.4607791,2,5.15,1200,0.5,22.87,31.21,101970.66,F2,2,0.055799999999999995,0.13019999999999998
BS0006_0033,6F3,ratio_3070,0.093,explore,40.17098651,1,7.1,1200,0.5,22.9,33.27,101889.11,F3,3,0.027899999999999998,0.06509999999999999
BS0006_0133,7F3,ratio_3070,0.093,explore,33.43647947,2,6.0,1200,0.5,24.3,31.0,102146.03,F3,3,0.027899999999999998,0.06509999999999999
BS0006_0233,9F3,ratio_3070,0.093,explore,37.68423645,3,5.7,1200,0.5,22.89,31.65,101964.79,F3,3,0.027899999999999998,0.06509999999999999
BS0006_0034,6F4,ratio_3070,0.0465,explore,46.72312537,1,8.15,1200,0.5,22.91,33.08,101861.8,F4,4,0.013949999999999999,0.032549999999999996
BS0006_0134,7F4,ratio_3070,0.0465,explore,41.59871208,2,7.3,1200,0.5,24.18,31.75,102207.13,F4,4,0.013949999999999999,0.032549999999999996
BS0006_0234,9F4,ratio_3070,0.0465,explore,45.3185546,2,7.4,1200,0.5,22.94,32.07,101945.19,F4,4,0.013949999999999999,0.032549999999999996
BS0006_0035,6F5,ratio_3070,0.02325,explore,54.68511126,1,9.15,1200,0.5,22.91,32.78,101861.56,F5,5,0.006974999999999999,0.016274999999999998
BS0006_0135,7F5,ratio_3070,0.02325,explore,58.05161398,1,9.4,1200,0.5,24.13,29.92,102264.39,F5,5,0.006974999999999999,0.016274999999999998
BS0006_0235,9F5,ratio_3070,0.02325,explore,58.16771481,1,9.55,1200,0.5,22.94,32.22,101942.89,F5,5,0.006974999999999999,0.016274999999999998
BS0006_0036,6F6,ratio_3070,0.011625,explore,65.27921793,1,10.2,1200,0.5,22.92,32.78,101857.88,F6,6,0.0034874999999999997,0.008137499999999999
BS0006_0136,7F6,ratio_3070,0.011625,explore,65.87110327,1,10.15,1200,0.5,24.1,31.36,102271.08,F6,6,0.0034874999999999997,0.008137499999999999
BS0006_0236,9F6,ratio_3070,0.011625,explore,68.05317389,1,10.4,1200,0.5,22.94,31.68,101936.63,F6,6,0.0034874999999999997,0.008137499999999999
BS0006_0037,6F7,ratio_3070,0.0058125,explore,69.20840521,1,10.45,1200,0.5,22.92,32.59,101850.39,F7,7,0.0017437499999999999,0.0040687499999999995
BS0006_0137,7F7,ratio_3070,0.0058125,explore,70.64377402,1,10.55,1200,0.5,24.04,31.54,102293.07,F7,7,0.0017437499999999999,0.0040687499999999995
BS0006_0237,9F7,ratio_3070,0.0058125,explore,71.94610296,1,10.55,1200,0.5,22.96,32.3,101933.16,F7,7,0.0017437499999999999,0.0040687499999999995
BS0006_0038,6F8,ratio_3070,0.00290625,explore,72.34842811,1,10.6,1200,0.5,22.9,32.76,101858.14,F8,8,0.0008718749999999999,0.0020343749999999997
BS0006_0138,7F8,ratio_3070,0.00290625,explore,72.54409299,1,10.5,1200,0.5,23.83,31.67,102312.5,F8,8,0.0008718749999999999,0.0020343749999999997
BS0006_0238,9F8,ratio_3070,0.00290625,explore,73.52664653,1,10.65,1200,0.5,22.97,32.29,101924.14,F8,8,0.0008718749999999999,0.0020343749999999997
BS0006_0039,6F9,ratio_3070,0.001453125,explore,72.91836537,1,10.55,1200,0.5,22.82,32.74,101862.72,F9,9,0.00043593749999999996,0.0010171874999999999
BS0006_0139,7F9,ratio_3070,0.001453125,explore,73.04929584,1,10.55,1200,0.5,23.88,31.64,102327.69,F9,9,0.00043593749999999996,0.0010171874999999999
BS0006_0239,9F9,ratio_3070,0.001453125,explore,74.42959266,1,10.65,1200,0.5,22.97,32.06,101920.19,F9,9,0.00043593749999999996,0.0010171874999999999
BS0006_0040,6F10,ratio_3070,0.000726562,explore,72.14199944,1,10.55,1200,0.5,22.77,32.71,101876.75,F10,10,0.00021796874999999998,0.0005085937499999999
BS0006_0140,7F10,ratio_3070,0.000726562,explore,72.84760592,1,10.55,1200,0.5,23.78,32.11,102337.79,F10,10,0.00021796874999999998,0.0005085937499999999
BS0006_0240,9F10,ratio_3070,0.000726562,explore,73.92925929,1,10.7,1200,0.5,22.98,32.1,101908.47,F10,10,0.00021796874999999998,0.0005085937499999999
BS0006_0041,6E1,ratio_5050,0.372,explore,32.8553439,1,5.1,1200,0.5,22.87,32.95,101872.06,E1,1,0.186,0.186
BS0006_0141,9E1,ratio_5050,0.372,explore,32.72627366,1,5.05,1200,0.5,23.04,31.31,101894.33,E1,1,0.186,0.186
BS0006_0042,6E2,ratio_5050,0.186,explore,31.05265523,1,5.25,1200,0.5,22.88,32.78,101882.61,E2,2,0.093,0.093
BS0006_0142,7E2,ratio_5050,0.186,explore,31.15787585,1,5.3,1200,0.5,23.62,32.99,102363.86,E2,2,0.093,0.093
BS0006_0242,9E2,ratio_5050,0.186,explore,27.40232598,2,4.1,1200,0.5,23.05,31.31,101889.95,E2,2,0.093,0.093
BS0006_0043,6E3,ratio_5050,0.093,explore,29.89028579,2,5.3,1200,0.5,22.97,33.21,101878.78,E3,3,0.0465,0.0465
BS0006_0143,7E3,ratio_5050,0.093,explore,30.80852945,2,5.45,1200,0.5,23.54,34.71,102368.73,E3,3,0.0465,0.0465
BS0006_0243,9E3,ratio_5050,0.093,explore,32.87981465,2,5.7,1200,0.5,23.11,31.2,101876.07,E3,3,0.0465,0.0465
BS0006_0044,6E4,ratio_5050,0.0465,explore,35.37023478,2,6.3,1200,0.5,22.95,33.55,101908.97,E4,4,0.02325,0.02325
BS0006_0144,7E4,ratio_5050,0.0465,explore,37.74301259,2,6.55,1200,0.5,23.27,34.37,102356.49,E4,4,0.02325,0.02325
BS0006_0244,9E4,ratio_5050,0.0465,explore,40.36545249,1,7.15,1200,0.5,23.2,31.0,101878.88,E4,4,0.02325,0.02325
BS0006_0045,6E5,ratio_5050,0.02325,explore,48.90763313,2,8.1,1200,0.5,22.84,33.67,101901.56,E5,5,0.011625,0.011625
BS0006_0145,7E5,ratio_5050,0.02325,explore,47.35270772,1,8.2,1200,0.5,23.1,33.2,102371.28,E5,5,0.011625,0.011625
BS0006_0245,9E5,ratio_5050,0.02325,explore,53.42625085,1,9.15,1200,0.5,23.25,31.3,101874.73,E5,5,0.011625,0.011625
BS0006_0046,6E6,ratio_5050,0.011625,explore,58.21830062,1,9.75,1200,0.5,22.92,33.41,101909.46,E6,6,0.0058125,0.0058125
BS0006_0146,7E6,ratio_5050,0.011625,explore,57.01950538,1,9.6,1200,0.5,22.99,30.98,102349.73,E6,6,0.0058125,0.0058125
BS0006_0246,9E6,ratio_5050,0.011625,explore,62.82958177,1,10.15,1200,0.5,23.3,31.29,101877.72,E6,6,0.0058125,0.0058125
BS0006_0047,6E7,ratio_5050,0.0058125,explore,69.62090898,1,10.45,1200,0.5,22.9,33.37,101906.53,E7,7,0.00290625,0.00290625
BS0006_0147,7E7,ratio_5050,0.0058125,explore,65.79384403,1,10.35,1200,0.5,22.84,31.02,102350.43,E7,7,0.00290625,0.00290625
BS0006_0247,9E7,ratio_5050,0.0058125,explore,70.50400273,1,10.55,1200,0.5,23.36,31.42,101872.07,E7,7,0.00290625,0.00290625
BS0006_0048,6E8,ratio_5050,0.00290625,explore,72.36424276,1,10.5,1200,0.5,22.86,33.56,101902.58,E8,8,0.001453125,0.001453125
BS0006_0148,7E8,ratio_5050,0.00290625,explore,71.47252253,1,10.6,1200,0.5,22.81,32.13,102350.47,E8,8,0.001453125,0.001453125
BS0006_0248,9E8,ratio_5050,0.00290625,explore,73.06496996,1,10.6,1200,0.5,23.41,31.36,101869.6,E8,8,0.001453125,0.001453125
BS0006_0049,6E9,ratio_5050,0.001453125,explore,72.02451056,1,10.5,1200,0.5,22.83,33.36,101895.4,E9,9,0.0007265625,0.0007265625
BS0006_0149,7E9,ratio_5050,0.001453125,explore,72.88676118,1,10.5,1200,0.5,22.77,32.3,102348.0,E9,9,0.0007265625,0.0007265625
BS0006_0249,9E9,ratio_5050,0.001453125,explore,73.6829055,1,10.65,1200,0.5,23.46,31.79,101847.57,E9,9,0.0007265625,0.0007265625
BS0006_0050,6E10,ratio_5050,0.000726562,explore,71.68763499,1,10.5,1200,0.5,22.75,33.52,101911.71,E10,10,0.00036328125,0.00036328125
BS0006_0150,7E10,ratio_5050,0.000726562,explore,73.17121271,1,10.65,1200,0.5,22.71,32.28,102331.03,E10,10,0.00036328125,0.00036328125
BS0006_0250,9E10,ratio_5050,0.000726562,explore,72.9989369,1,10.65,1200,0.5,23.5,31.49,101826.0,E10,10,0.00036328125,0.00036328125
BS0006_0051,6D1,ratio_7030,0.372,explore,30.24940409,1,4.7,1200,0.5,22.84,32.86,101933.42,D1,1,0.26039999999999996,0.11159999999999999
BS0006_0151,7D1,ratio_7030,0.372,explore,32.16207797,1,5.0,1200,0.5,22.79,31.89,102312.72,D1,1,0.26039999999999996,0.11159999999999999
BS0006_0251,9D1,ratio_7030,0.372,explore,28.75026725,1,4.5,1200,0.5,23.55,29.72,101804.74,D1,1,0.26039999999999996,0.11159999999999999
BS0006_0052,6D2,ratio_7030,0.186,explore,27.74253434,1,4.6,1200,0.5,22.82,32.54,101944.0,D2,2,0.13019999999999998,0.055799999999999995
BS0006_0152,7D2,ratio_7030,0.186,explore,30.35701397,1,5.15,1200,0.5,22.77,32.27,102302.55,D2,2,0.13019999999999998,0.055799999999999995
BS0006_0252,9D2,ratio_7030,0.186,explore,28.06744932,1,4.75,1200,0.5,23.56,29.39,101796.92,D2,2,0.13019999999999998,0.055799999999999995
BS0006_0053,6D3,ratio_7030,0.093,explore,28.25132918,2,4.8,1200,0.5,22.74,32.97,101936.64,D3,3,0.06509999999999999,0.027899999999999998
BS0006_0153,7D3,ratio_7030,0.093,explore,29.48332196,2,5.15,1200,0.5,22.72,32.57,102296.35,D3,3,0.06509999999999999,0.027899999999999998
BS0006_0253,9D3,ratio_7030,0.093,explore,30.46176042,2,5.2,1200,0.5,23.54,29.32,101785.05,D3,3,0.06509999999999999,0.027899999999999998
BS0006_0054,6D4,ratio_7030,0.0465,explore,36.50832638,2,6.25,1200,0.5,22.77,33.21,101932.6,D4,4,0.032549999999999996,0.013949999999999999
BS0006_0154,7D4,ratio_7030,0.0465,explore,32.39286144,2,5.9,1200,0.5,22.83,32.16,102282.78,D4,4,0.032549999999999996,0.013949999999999999
BS0006_0254,9D4,ratio_7030,0.0465,explore,39.94813301,1,7.1,1200,0.5,23.49,29.02,101781.69,D4,4,0.032549999999999996,0.013949999999999999
BS0006_0055,6D5,ratio_7030,0.02325,explore,42.89843697,2,7.4,1200,0.5,22.62,33.94,101906.75,D5,5,0.016274999999999998,0.006974999999999999
BS0006_0155,7D5,ratio_7030,0.02325,explore,44.25647706,1,7.65,1200,0.5,22.82,33.31,102283.22,D5,5,0.016274999999999998,0.006974999999999999
BS0006_0255,9D5,ratio_7030,0.02325,explore,46.52721498,1,8.15,1200,0.5,23.45,30.28,101762.5,D5,5,0.016274999999999998,0.006974999999999999
BS0006_0056,6D6,ratio_7030,0.011625,explore,54.58120186,2,9.3,1200,0.5,22.39,34.34,101881.61,D6,6,0.008137499999999999,0.0034874999999999997
BS0006_0156,7D6,ratio_7030,0.011625,explore,50.19945213,1,8.6,1200,0.5,22.88,34.1,102290.88,D6,6,0.008137499999999999,0.0034874999999999997
BS0006_0256,9D6,ratio_7030,0.011625,explore,59.06266794,1,9.85,1200,0.5,23.39,30.56,101769.13,D6,6,0.008137499999999999,0.0034874999999999997
BS0006_0057,6D7,ratio_7030,0.0058125,explore,68.09500414,1,10.45,1200,0.5,22.31,34.24,101874.83,D7,7,0.0040687499999999995,0.0017437499999999999
BS0006_0157,7D7,ratio_7030,0.0058125,explore,57.6989466,1,10.05,1200,0.5,22.9,34.58,102286.58,D7,7,0.0040687499999999995,0.0017437499999999999
BS0006_0257,9D7,ratio_7030,0.0058125,explore,67.50973926,1,10.45,1200,0.5,23.38,30.74,101761.47,D7,7,0.0040687499999999995,0.0017437499999999999
BS0006_0058,6D8,ratio_7030,0.00290625,explore,71.84188178,1,10.55,1200,0.5,22.4,34.05,101844.44,D8,8,0.0020343749999999997,0.0008718749999999999
BS0006_0158,7D8,ratio_7030,0.00290625,explore,67.24025904,1,10.5,1200,0.5,22.92,34.73,102285.25,D8,8,0.0020343749999999997,0.0008718749999999999
BS0006_0258,9D8,ratio_7030,0.00290625,explore,72.58117909,1,10.65,1200,0.5,23.36,31.38,101769.8,D8,8,0.0020343749999999997,0.0008718749999999999
BS0006_0059,6D9,ratio_7030,0.001453125,explore,71.60299223,1,10.6,1200,0.5,22.44,33.99,101832.63,D9,9,0.0010171874999999999,0.00043593749999999996
BS0006_0159,7D9,ratio_7030,0.001453125,explore,72.63849832,1,10.6,1200,0.5,22.94,34.79,102280.14,D9,9,0.0010171874999999999,0.00043593749999999996
BS0006_0259,9D9,ratio_7030,0.001453125,explore,72.73442783,1,10.65,1200,0.5,23.35,31.39,101780.63,D9,9,0.0010171874999999999,0.00043593749999999996
BS0006_0060,6D10,ratio_7030,0.000726562,explore,67.70658993,1,10.5,1200,0.5,22.46,33.94,101808.98,D10,10,0.0005085937499999999,0.00021796874999999998
BS0006_0160,7D10,ratio_7030,0.000726562,explore,72.61818502,1,10.6,1200,0.5,22.95,34.51,102285.91,D10,10,0.0005085937499999999,0.00021796874999999998
BS0006_0260,9D10,ratio_7030,0.000726562,explore,72.08743762,1,10.55,1200,0.5,23.32,32.56,101796.68,D10,10,0.0005085937499999999,0.00021796874999999998
BS0006_0061,6C1,ratio_9010,0.372,explore,28.08238857,1,4.25,1200,0.5,22.71,33.77,101797.41,C1,1,0.3348,0.037200000000000004
BS0006_0161,9C1,ratio_9010,0.372,explore,28.08037406,1,4.35,1200,0.5,23.24,32.73,101807.42,C1,1,0.3348,0.037200000000000004
BS0006_0062,6C2,ratio_9010,0.186,explore,27.81996309,1,4.4,1200,0.5,22.65,34.25,101788.65,C2,2,0.1674,0.018600000000000002
BS0006_0162,7C2,ratio_9010,0.186,explore,27.68586956,1,4.55,1200,0.5,23.02,34.01,102304.21,C2,2,0.1674,0.018600000000000002
BS0006_0262,9C2,ratio_9010,0.186,explore,27.68663853,1,4.4,1200,0.5,23.19,32.98,101824.6,C2,2,0.1674,0.018600000000000002
BS0006_0063,6C3,ratio_9010,0.093,explore,28.29177705,2,4.75,1200,0.5,22.64,34.31,101766.28,C3,3,0.0837,0.009300000000000001
BS0006_0163,7C3,ratio_9010,0.093,explore,28.56641062,2,5.0,1200,0.5,23.05,33.76,102312.9,C3,3,0.0837,0.009300000000000001
BS0006_0263,9C3,ratio_9010,0.093,explore,29.51070817,2,5.0,1200,0.5,23.13,33.56,101839.44,C3,3,0.0837,0.009300000000000001
BS0006_0064,6C4,ratio_9010,0.0465,explore,33.38909755,2,5.9,1200,0.5,22.64,34.17,101729.92,C4,4,0.04185,0.0046500000000000005
BS0006_0164,7C4,ratio_9010,0.0465,explore,34.34004493,2,6.15,1200,0.5,23.1,33.27,102314.97,C4,4,0.04185,0.0046500000000000005
BS0006_0264,9C4,ratio_9010,0.0465,explore,34.46674127,2,5.95,1200,0.5,22.99,35.23,101843.33,C4,4,0.04185,0.0046500000000000005
BS0006_0065,6C5,ratio_9010,0.02325,explore,42.84685277,2,7.5,1200,0.5,22.62,34.39,101695.03,C5,5,0.020925,0.0023250000000000002
BS0006_0165,7C5,ratio_9010,0.02325,explore,43.02937584,2,7.55,1200,0.5,23.17,32.84,102311.65,C5,5,0.020925,0.0023250000000000002
BS0006_0265,9C5,ratio_9010,0.02325,explore,44.71547805,2,7.65,1200,0.5,22.88,35.98,101849.57,C5,5,0.020925,0.0023250000000000002
BS0006_0066,6C6,ratio_9010,0.011625,explore,56.23322106,1,9.8,1200,0.5,22.64,34.17,101691.71,C6,6,0.0104625,0.0011625000000000001
BS0006_0166,7C6,ratio_9010,0.011625,explore,55.95996588,1,9.85,1200,0.5,23.26,31.93,102298.74,C6,6,0.0104625,0.0011625000000000001
BS0006_0266,9C6,ratio_9010,0.011625,explore,57.47313259,1,9.9,1200,0.5,22.74,36.75,101856.96,C6,6,0.0104625,0.0011625000000000001
BS0006_0067,6C7,ratio_9010,0.0058125,explore,69.53173207,1,10.45,1200,0.5,22.63,34.4,101680.52,C7,7,0.00523125,0.0005812500000000001
BS0006_0167,7C7,ratio_9010,0.0058125,explore,69.53998886,1,10.5,1200,0.5,23.33,31.48,102300.16,C7,7,0.00523125,0.0005812500000000001
BS0006_0267,9C7,ratio_9010,0.0058125,explore,68.68433191,1,10.5,1200,0.5,22.64,37.56,101873.3,C7,7,0.00523125,0.0005812500000000001
BS0006_0068,6C8,ratio_9010,0.00290625,explore,73.03065026,1,10.6,1200,0.5,22.65,34.39,101676.64,C8,8,0.002615625,0.00029062500000000003
BS0006_0168,7C8,ratio_9010,0.00290625,explore,72.22197614,1,10.4,1200,0.5,23.39,31.26,102291.99,C8,8,0.002615625,0.00029062500000000003
BS0006_0268,9C8,ratio_9010,0.00290625,explore,72.44686333,1,10.6,1200,0.5,22.57,37.78,101887.39,C8,8,0.002615625,0.00029062500000000003
BS0006_0069,6C9,ratio_9010,0.001453125,explore,74.49200704,1,10.6,1200,0.5,22.67,34.66,101688.1,C9,9,0.0013078125,0.00014531250000000002
BS0006_0169,7C9,ratio_9010,0.001453125,explore,72.79422501,1,10.55,1200,0.5,23.47,30.87,102289.81,C9,9,0.0013078125,0.00014531250000000002
BS0006_0269,9C9,ratio_9010,0.001453125,explore,72.49157491,1,10.6,1200,0.5,22.56,37.26,101900.35,C9,9,0.0013078125,0.00014531250000000002
BS0006_0070,6C10,ratio_9010,0.000726562,explore,74.36597365,1,10.55,1200,0.5,22.67,34.94,101678.83,C10,10,0.00065390625,7.265625000000001e-05
BS0006_0170,7C10,ratio_9010,0.000726562,explore,73.3945128,1,10.6,1200,0.5,23.51,30.76,102278.58,C10,10,0.00065390625,7.265625000000001e-05
BS0006_0270,9C10,ratio_9010,0.000726562,explore,73.1684935,1,10.55,1200,0.5,22.55,37.65,101920.21,C10,10,0.00065390625,7.265625000000001e-05
